<?xml version="1.0" encoding="utf-8"?>
<extension type="library" version="3.0" method="upgrade">
    <name>Quix Next Library</name>
    <libraryname>quixnxt</libraryname>
    <creationDate>25-12-2023</creationDate>
    <packager>ThemeXpert</packager>
    <copyright>(C) 2020 - 2012 ThemeXpert. All rights reserved.</copyright>
    <packageremail>info@themexpert.com</packageremail>
    <packagerurl>www.themexpert.com</packagerurl>
    <author>ThemeXpert</author>
    <authorEmail>info@themexpert.com</authorEmail>
    <authorUrl>www.themexpert.com</authorUrl>
    <version>4.5.3</version>
    <license>GNU General Public License version 3 or later;</license>
    <description>PKG_QUIX_XML_DESCRIPTION</description>

    <files>
        <folder>app</folder>
        <folder>src</folder>
        <folder>vendor</folder>
        <folder>visual-builder</folder>
    </files>
</extension>
