<?xml version="1.0" encoding="utf-8"?>
<extension type="module" version="3.0" client="administrator" method="upgrade">
	<name>mod_quix_info</name>
	<creationDate>25-12-2023</creationDate>
	<author>ThemeXpert</author>
	<authorEmail>admin@themexpert.com</authorEmail>
	<authorUrl>http://www.themexpert.com</authorUrl>
	<copyright>Copyright (C) themexpert. All rights reserved.</copyright>
	<license>http://www.gnu.org/licenses/gpl-2.0.html GNU/GPL</license>
	<version>4.5.3</version>
	<description>MOD_QUIX_INFO_XML_DESCRIPTION</description>
	
	<scriptfile>script.php</scriptfile>
	
	<files>
		<filename module="mod_quix_info">mod_quix_info.php</filename>
		<filename>helper.php</filename>
		<filename>script.php</filename>
		<folder>tmpl</folder>
	</files>
	<languages folder="language">
		<language tag="en-GB">en-GB/en-GB.mod_quix_info.ini</language>
		<language tag="en-GB">en-GB/en-GB.mod_quix_info.sys.ini</language>
	</languages>
	<help key="JHELP_EXTENSIONS_MODULE_MANAGER_ADMIN_LATEST" />
	<config>
		<fields name="params">
			<fieldset name="advanced">
				
			</fieldset>
		</fields>
	</config>
</extension>
