<?xml version="1.0" encoding="utf-8"?>
<extension type="module" version="3.0" client="administrator" method="upgrade">
	<name>mod_quix_menu</name>
	<creationDate>25-12-2023</creationDate>
	<author>ThemeXpert</author>
	<authorEmail>admin@themexpert.com</authorEmail>
	<authorUrl>http://www.themexpert.com</authorUrl>
	<copyright>Copyright (C) themexpert. All rights reserved.</copyright>
	<license>http://www.gnu.org/licenses/gpl-2.0.html GNU/GPL</license>
	<version>4.5.3</version>
	<description>MOD_QUIX_MENU_XML_DESCRIPTION</description>

  <scriptfile>script.php</scriptfile>

  <languages folder="language">
      <language tag="en-GB">en-GB/en-GB.mod_quix_menu.ini</language>
      <language tag="en-GB">en-GB/en-GB.mod_quix_menu.sys.ini</language>
  </languages>

	<files>
		<filename module="mod_quix_menu">mod_quix_menu.php</filename>
		<filename>script.php</filename>
		<folder>tmpl</folder>
	</files>
    <config>
        <fields name="params">
            <fieldset name="basic">
                <field
                        name="show_quix_menu"
                        type="list"
                        default="1"
                        label="MOD_QUIX_MENU_FIELD_SHOW_QUIX_MENU_LABEL"
                        description="MOD_QUIX_MENU_FIELD_SHOW_QUIX_MENU_DESC">
                    <option value="0">JHIDE</option>
                    <option value="1">JSHOW</option>
                </field>
            </fieldset>
        </fields>
    </config>
</extension>
