<?xml version="1.0" encoding="utf-8"?>
<extension version="3.0" type="plugin" group="editors-xtd" method="upgrade">
	<name>Editors Button - Quix editors-xtd Plugin</name>
	<author>ThemeXpert</author>
	<creationDate>25-12-2023</creationDate>
	<copyright>Copyright (C) 2013 themexpert.com. All rights reserved.</copyright>
	<license>GNU/GPL</license>
	<authorEmail>info@themexpert.com</authorEmail>
	<authorUrl>www.themexpert.com</authorUrl>
	<version>4.5.3</version>

	<description>Thank you for installing Quix editors-xtd Plugin.</description>

	<languages folder="language">
		<language tag="en-GB">en-GB/en-GB.plg_editors-xtd_quix.ini</language>
	</languages>

	<files>
		<filename plugin="quix">quix.php</filename>
		<filename>index.html</filename>
	</files>
</extension>
